table_name,columns,constraints,indexes,rls_policies
accounts,"minimal shape: id, name, created_at, updated_at","accounts_name_not_empty CHECK, accounts_pkey PRIMARY KEY","idx_accounts_created_at","Users can insert/update/view their own account(s) -- both singular and plural policy names present (duplicated)"
audits,"full waas audit schema incl waas_audit_type/status enums, tenant_id, lead_id, retry_count, keywords_used etc","audits_lead_id_fkey, audits_tenant_id_fkey, audits_pkey","idx_audits_tenant_id, idx_audits_status, idx_audits_requestor, idx_audits_expires_at, idx_audits_target_url, idx_audits_manual_review, idx_audits_lead_id","audits_admin_all, audits_anon_insert_prospect, audits_anon_read_own, audits_tenant_read_own"
client_variant_edit_events,"tenant_site_config_id FK (NOT tenant_id directly), event_type, section_id, section_data, edit_data, client_session_id","client_variant_edit_events_event_type_check, pkey, tenant_site_config_id_fkey","config, type, created idx","none (null)"
domain_requests,"tenant_id, domain_name, extension, full_domain, priority, waas_domain_status enum, registrar","pkey, tenant_id_fkey","tenant_id, status idx","domain_requests_admin_all, anon_insert, anon_read"
leads,"waas_lead_status/source enums, audit_id, tenant_id, utm_*, score, follow_up_at","audit_id_fkey, pkey, tenant_id_fkey","email_audit unique, email, status, source, audit_id, tenant_id, created_at, follow_up idx","leads_admin_all, leads_anon_insert"
site_templates,"slug, name, sections jsonb, layout_config jsonb, status, version","pkey, slug_key unique, status_check","slug, status idx","none (null)"
tenant_site_config,"tenant_id, client_review_token, client_selected_template_slug, site_config_data, active_sections_json, client_feedback_*, client_mix_*","tenant_id_key unique, client_review_token_key unique, template_slug_fkey, tenant_id_fkey","tenant_id, token, template, approved idx","tenant_site_config_admin_all, anon_read_by_token, anon_read_own_token, public_read_published, service_all"
tenants,"domain, subdomain, slug, brand_config, package_tier enum, status enum, crm_account_id, onboarding_*","domain_key, pkey, slug_key, source_audit_id_fkey, subdomain_key","domain, subdomain, slug, status, package_tier, crm_account, source_audit_id idx","anon_can_create_tenant, anon_can_update_own_tenant_onboarding, tenants_admin_all, tenants_public_read_active"
users,"id (FK to auth.users AND own users_id_fkey), account_id, full_name, avatar_url -- MINIMAL shape, matches CRM's 000001 exactly","account_id_fkey, account_id_not_null CHECK, id_fkey, pkey","account_id, id(mislabeled idx_users_email) idx","Users can insert/update/view their own user record"
